CSDUID,CSD_name,outcome,n_DA,model_type,test_type,r2,aic,coef_json
1001485,,canopy_proportion_da,39,SAC,SAC,0.3991,109.05,"{""rho"":0.1408,""lambda"":0.5676,""(Intercept)"":-0.0202,""Ethno.cultural.Composition"":0.0425,""Economic.Dependency"":0.0023,""CISV.Scores"":0.1146,""total_area_km2_da"":0.4026}"
1001485,,canopy_proportion_road,39,SAC,SAC,0.5398,101.47,"{""rho"":0.0616,""lambda"":0.7368,""(Intercept)"":0.0333,""Ethno.cultural.Composition"":0.0112,""Economic.Dependency"":0.2939,""CISV.Scores"":-0.0026,""total_area_km2_road"":-0.0867}"
1001542,,canopy_proportion_da,44,OLS,OLS,0.1993,126.07,"{""(Intercept)"":9.4755e-17,""Ethno.cultural.Composition"":-0.0464,""Economic.Dependency"":0.4484,""CISV.Scores"":-0.0465,""total_area_km2_da"":-0.0821}"
1001542,,canopy_proportion_road,44,SLM,SLM,0.739,85.4,"{""rho"":0.7651,""(Intercept)"":0.0774,""Ethno.cultural.Composition"":0.1152,""Economic.Dependency"":0.3567,""CISV.Scores"":-0.1937,""total_area_km2_road"":-0.2334}"
1102075,,canopy_proportion_da,65,SAC,SAC,0.4575,166.37,"{""rho"":-0.114,""lambda"":0.6583,""(Intercept)"":0.1122,""Ethno.cultural.Composition"":0.0255,""Economic.Dependency"":0.3211,""CISV.Scores"":-0.5797,""total_area_km2_da"":-0.0984}"
1102075,,canopy_proportion_road,65,SLM,SLM,0.5077,158,"{""rho"":0.6619,""(Intercept)"":0.0415,""Ethno.cultural.Composition"":0.0283,""Economic.Dependency"":0.2099,""CISV.Scores"":-0.1825,""total_area_km2_road"":-0.2734}"
1306020,,canopy_proportion_da,31,OLS,OLS,0.5482,74.33,"{""(Intercept)"":-1.7788e-16,""Ethno.cultural.Composition"":-0.0201,""Economic.Dependency"":0.0602,""CISV.Scores"":-0.4339,""total_area_km2_da"":0.5408}"
1306020,,canopy_proportion_road,31,OLS,OLS,0.3331,86.4,"{""(Intercept)"":7.276e-17,""Ethno.cultural.Composition"":0.2581,""Economic.Dependency"":0.1734,""CISV.Scores"":-0.5288,""total_area_km2_road"":-0.5857}"
1307022,,canopy_proportion_da,114,SAC,SAC,0.4253,278.12,"{""rho"":0.308,""lambda"":0.191,""(Intercept)"":-0.0496,""Ethno.cultural.Composition"":0.0134,""Economic.Dependency"":-0.0423,""CISV.Scores"":-0.1592,""total_area_km2_da"":0.4344}"
1307022,,canopy_proportion_road,114,SLM,SLM,0.394,291.36,"{""rho"":0.6797,""(Intercept)"":0.0699,""Ethno.cultural.Composition"":-0.1121,""Economic.Dependency"":-0.0505,""CISV.Scores"":-0.1214,""total_area_km2_road"":-0.1847}"
1310032,,canopy_proportion_da,102,SLM,SLM,0.4803,240.04,"{""rho"":0.452,""(Intercept)"":-0.0034,""Ethno.cultural.Composition"":-0.0857,""Economic.Dependency"":0.0723,""CISV.Scores"":-0.268,""total_area_km2_da"":0.3247}"
1310032,,canopy_proportion_road,102,SAC,SAC,0.4476,249.52,"{""rho"":0.4669,""lambda"":0.2216,""(Intercept)"":0.0914,""Ethno.cultural.Composition"":-0.2275,""Economic.Dependency"":0.0349,""CISV.Scores"":-0.1891,""total_area_km2_road"":-0.3114}"
2423027,,canopy_proportion_da,892,SAC,SAC (all significant),0.5216,1976.58,"{""rho"":0.6664,""lambda"":-0.1595,""(Intercept)"":-0.0389,""Ethno.cultural.Composition"":-0.0005,""Economic.Dependency"":0.0541,""CISV.Scores"":-0.053,""total_area_km2_da"":0.3024}"
2423027,,canopy_proportion_road,892,SLM,SLM,0.4595,2106.04,"{""rho"":0.7403,""(Intercept)"":0.0268,""Ethno.cultural.Composition"":0.0128,""Economic.Dependency"":0.0579,""CISV.Scores"":-0.0884,""total_area_km2_road"":-0.0678}"
2423057,,canopy_proportion_da,31,OLS,OLS,0.2158,91.42,"{""(Intercept)"":-4.397e-17,""Ethno.cultural.Composition"":-0.1133,""Economic.Dependency"":0.5123,""CISV.Scores"":-0.3502,""total_area_km2_da"":0.2287}"
2423057,,canopy_proportion_road,31,OLS,OLS,0.2869,88.47,"{""(Intercept)"":-8.4477e-18,""Ethno.cultural.Composition"":0.4594,""Economic.Dependency"":0.3864,""CISV.Scores"":-0.1564,""total_area_km2_road"":-0.0437}"
2437067,,canopy_proportion_da,237,SAC,SAC (all significant),0.686,472.64,"{""rho"":0.7512,""lambda"":-0.8855,""(Intercept)"":-0.0346,""Ethno.cultural.Composition"":-0.0094,""Economic.Dependency"":-0.043,""CISV.Scores"":-0.0359,""total_area_km2_da"":0.296}"
2437067,,canopy_proportion_road,237,SAC,SAC,0.2778,621.62,"{""rho"":0.4882,""lambda"":-0.0406,""(Intercept)"":-0.0296,""Ethno.cultural.Composition"":-0.0068,""Economic.Dependency"":0.025,""CISV.Scores"":-0.0753,""total_area_km2_road"":0.2177}"
2439062,,canopy_proportion_da,81,SAC,SAC,0.1891,235.9,"{""rho"":0.5903,""lambda"":-0.3767,""(Intercept)"":0.0018,""Ethno.cultural.Composition"":-0.0615,""Economic.Dependency"":-0.1151,""CISV.Scores"":0.0161,""total_area_km2_da"":0.0614}"
2439062,,canopy_proportion_road,81,SAC,SAC,0.2017,229.92,"{""rho"":0.2532,""lambda"":0.384,""(Intercept)"":0.0371,""Ethno.cultural.Composition"":-0.0196,""Economic.Dependency"":0.1708,""CISV.Scores"":-0.0418,""total_area_km2_road"":0.0182}"
2443027,,canopy_proportion_da,253,SLM,SLM,0.5017,569.28,"{""rho"":0.5369,""(Intercept)"":-0.0367,""Ethno.cultural.Composition"":-0.0044,""Economic.Dependency"":-0.0926,""CISV.Scores"":-0.1142,""total_area_km2_da"":0.2733}"
2443027,,canopy_proportion_road,253,SAC,SAC,0.4796,604.72,"{""rho"":-0.0375,""lambda"":0.7819,""(Intercept)"":0.1224,""Ethno.cultural.Composition"":0.0384,""Economic.Dependency"":0.2226,""CISV.Scores"":-0.2728,""total_area_km2_road"":-0.02}"
2447017,,canopy_proportion_da,116,SLM,SLM,0.6493,236.49,"{""rho"":0.7492,""(Intercept)"":-0.0053,""Ethno.cultural.Composition"":0.01,""Economic.Dependency"":-0.0105,""CISV.Scores"":-0.1082,""total_area_km2_da"":0.1497}"
2447017,,canopy_proportion_road,116,SLM,SLM,0.5227,268.23,"{""rho"":0.6693,""(Intercept)"":0.0098,""Ethno.cultural.Composition"":-0.101,""Economic.Dependency"":-0.1276,""CISV.Scores"":0.0109,""total_area_km2_road"":0.145}"
2453052,,canopy_proportion_da,55,OLS,OLS,0.5361,124.83,"{""(Intercept)"":-1.4837e-16,""Ethno.cultural.Composition"":0.1943,""Economic.Dependency"":-0.075,""CISV.Scores"":-0.6169,""total_area_km2_da"":0.4064}"
2453052,,canopy_proportion_road,55,SLM,SLM,0.5617,127.48,"{""rho"":0.5546,""(Intercept)"":0.0502,""Ethno.cultural.Composition"":-0.0807,""Economic.Dependency"":-0.272,""CISV.Scores"":-0.1705,""total_area_km2_road"":-0.2498}"
2456083,,canopy_proportion_da,173,SAC,SAC,0.3437,461.37,"{""rho"":-0.3558,""lambda"":0.7483,""(Intercept)"":0.0139,""Ethno.cultural.Composition"":-0.0059,""Economic.Dependency"":0.084,""CISV.Scores"":-0.1443,""total_area_km2_da"":-0.2398}"
2456083,,canopy_proportion_road,173,SAC,SAC,0.3195,450.84,"{""rho"":0.2457,""lambda"":0.5059,""(Intercept)"":0.0642,""Ethno.cultural.Composition"":-0.0706,""Economic.Dependency"":0.116,""CISV.Scores"":-0.0582,""total_area_km2_road"":-0.1375}"
2457005,,canopy_proportion_da,37,OLS,OLS,0.2836,103.65,"{""(Intercept)"":2.8961e-16,""Ethno.cultural.Composition"":-0.476,""Economic.Dependency"":-0.4457,""CISV.Scores"":0.3075,""total_area_km2_da"":-0.1038}"
2457005,,canopy_proportion_road,37,SLM,SLM,0.6552,81.92,"{""rho"":0.6283,""(Intercept)"":0.0191,""Ethno.cultural.Composition"":-0.4126,""Economic.Dependency"":-0.4607,""CISV.Scores"":0.3898,""total_area_km2_road"":-0.3271}"
2457040,,canopy_proportion_da,36,OLS,OLS,0.3489,97.7,"{""(Intercept)"":-2.845e-16,""Ethno.cultural.Composition"":-0.2063,""Economic.Dependency"":0.2945,""CISV.Scores"":-0.1342,""total_area_km2_da"":-0.4409}"
2457040,,canopy_proportion_road,36,SEM,SEM,0.4767,95.95,"{""lambda"":0.6715,""(Intercept)"":0.092,""Ethno.cultural.Composition"":0.0326,""Economic.Dependency"":0.38,""CISV.Scores"":-0.3654,""total_area_km2_road"":-0.3253}"
2458007,,canopy_proportion_da,128,SAC,SAC,0.4275,317.87,"{""rho"":0.0899,""lambda"":0.6252,""(Intercept)"":0.1608,""Ethno.cultural.Composition"":-0.1505,""Economic.Dependency"":0.0017,""CISV.Scores"":-0.186,""total_area_km2_da"":0.3012}"
2458007,,canopy_proportion_road,128,SAC,SAC (all significant),0.4961,302.23,"{""rho"":0.6256,""lambda"":-0.2018,""(Intercept)"":0.0564,""Ethno.cultural.Composition"":-0.2302,""Economic.Dependency"":0.1682,""CISV.Scores"":-0.0309,""total_area_km2_road"":-0.2221}"
2458012,,canopy_proportion_da,38,OLS,OLS,0.4207,98.08,"{""(Intercept)"":2.9162e-16,""Ethno.cultural.Composition"":0.3359,""Economic.Dependency"":0.201,""CISV.Scores"":-0.9926,""total_area_km2_da"":-0.4979}"
2458012,,canopy_proportion_road,38,SAC,SAC,0.62,90.88,"{""rho"":0.1975,""lambda"":0.6555,""(Intercept)"":-0.0849,""Ethno.cultural.Composition"":0.0938,""Economic.Dependency"":-0.2213,""CISV.Scores"":-0.5792,""total_area_km2_road"":-0.3462}"
2458033,,canopy_proportion_da,73,OLS,OLS,0.096,210.79,"{""(Intercept)"":1.1955e-16,""Ethno.cultural.Composition"":-0.0252,""Economic.Dependency"":-0.3267,""CISV.Scores"":0.1316,""total_area_km2_da"":-0.1611}"
2458033,,canopy_proportion_road,73,SAC,SAC (all significant),0.4506,188.74,"{""rho"":0.7212,""lambda"":-0.3567,""(Intercept)"":0.0535,""Ethno.cultural.Composition"":-0.115,""Economic.Dependency"":-0.138,""CISV.Scores"":0.1408,""total_area_km2_road"":-0.244}"
2458037,,canopy_proportion_da,50,SAC,SAC,0.3002,142.45,"{""rho"":0.2281,""lambda"":0.533,""(Intercept)"":-0.0448,""Ethno.cultural.Composition"":0.0298,""Economic.Dependency"":0.0041,""CISV.Scores"":-0.1465,""total_area_km2_da"":0.1992}"
2458037,,canopy_proportion_road,50,SAC,SAC (all significant),0.5075,127.34,"{""rho"":0.4664,""lambda"":0.5875,""(Intercept)"":0.0464,""Ethno.cultural.Composition"":0.0085,""Economic.Dependency"":-0.106,""CISV.Scores"":-0.0496,""total_area_km2_road"":-0.0526}"
2458227,,canopy_proportion_da,414,SEM,SEM,0.3214,1053.3,"{""lambda"":0.5605,""(Intercept)"":-0.013,""Ethno.cultural.Composition"":-0.1523,""Economic.Dependency"":0.0212,""CISV.Scores"":-0.1063,""total_area_km2_da"":0.2276}"
2458227,,canopy_proportion_road,414,SLM,SLM,0.4673,973.91,"{""rho"":0.7143,""(Intercept)"":0.0224,""Ethno.cultural.Composition"":-0.0852,""Economic.Dependency"":0.0983,""CISV.Scores"":-0.0447,""total_area_km2_road"":-0.1635}"
2459010,,canopy_proportion_da,56,SAC,SAC (all significant),0.7657,108.22,"{""rho"":0.875,""lambda"":-0.545,""(Intercept)"":0.0273,""Ethno.cultural.Composition"":-0.0351,""Economic.Dependency"":0.3079,""CISV.Scores"":-0.33,""total_area_km2_da"":0.0812}"
2459010,,canopy_proportion_road,56,SLM,SLM,0.7532,105.53,"{""rho"":0.8574,""(Intercept)"":0.0336,""Ethno.cultural.Composition"":0.0024,""Economic.Dependency"":0.2378,""CISV.Scores"":-0.2515,""total_area_km2_road"":-0.0605}"
2460013,,canopy_proportion_da,157,SAC,SAC (all significant),0.5956,360.63,"{""rho"":0.8745,""lambda"":-0.585,""(Intercept)"":0.034,""Ethno.cultural.Composition"":-0.1859,""Economic.Dependency"":0.0548,""CISV.Scores"":-0.1987,""total_area_km2_da"":0.0464}"
2460013,,canopy_proportion_road,157,SAC,SAC (all significant),0.711,299.53,"{""rho"":0.8721,""lambda"":-0.1419,""(Intercept)"":0.0166,""Ethno.cultural.Composition"":-0.141,""Economic.Dependency"":0.0823,""CISV.Scores"":-0.1907,""total_area_km2_road"":-0.134}"
2461025,,canopy_proportion_da,32,OLS,OLS,0.2563,92.32,"{""(Intercept)"":-2.2249e-16,""Ethno.cultural.Composition"":-0.1813,""Economic.Dependency"":-0.3197,""CISV.Scores"":-0.0696,""total_area_km2_da"":0.2598}"
2461025,,canopy_proportion_road,32,OLS,OLS,0.2117,94.18,"{""(Intercept)"":3.8183e-17,""Ethno.cultural.Composition"":0.0458,""Economic.Dependency"":0.2571,""CISV.Scores"":-0.4383,""total_area_km2_road"":-0.3981}"
2464008,,canopy_proportion_da,187,SLM,SLM,0.3315,477.74,"{""rho"":0.4777,""(Intercept)"":-0.0135,""Ethno.cultural.Composition"":-0.2188,""Economic.Dependency"":0.0816,""CISV.Scores"":-0.0739,""total_area_km2_da"":0.2026}"
2464008,,canopy_proportion_road,187,SLM,SLM,0.4182,455.95,"{""rho"":0.5608,""(Intercept)"":0.0253,""Ethno.cultural.Composition"":-0.2112,""Economic.Dependency"":0.259,""CISV.Scores"":-0.1794,""total_area_km2_road"":-0.1582}"
2464015,,canopy_proportion_da,58,SLM,SLM,0.624,130.01,"{""rho"":0.7714,""(Intercept)"":-0.0276,""Ethno.cultural.Composition"":-0.2191,""Economic.Dependency"":-0.0882,""CISV.Scores"":0.0629,""total_area_km2_da"":0.0605}"
2464015,,canopy_proportion_road,58,SLM,SLM,0.4696,147.71,"{""rho"":0.6941,""(Intercept)"":0.0233,""Ethno.cultural.Composition"":-0.1987,""Economic.Dependency"":0.2352,""CISV.Scores"":-0.0892,""total_area_km2_road"":-0.0911}"
2465005,,canopy_proportion_da,636,SLM,SLM,0.2829,1633.03,"{""rho"":0.4682,""(Intercept)"":-0.0265,""Ethno.cultural.Composition"":-0.2341,""Economic.Dependency"":0.066,""CISV.Scores"":0.0886,""total_area_km2_da"":0.1405}"
2465005,,canopy_proportion_road,636,SLM,SLM,0.4315,1524.69,"{""rho"":0.6885,""(Intercept)"":0.0276,""Ethno.cultural.Composition"":-0.1011,""Economic.Dependency"":0.1616,""CISV.Scores"":-0.0821,""total_area_km2_road"":-0.0793}"
2466023,,canopy_proportion_da,2819,SAC,SAC (all significant),0.5067,6473.56,"{""rho"":0.8009,""lambda"":-0.2742,""(Intercept)"":0.0057,""Ethno.cultural.Composition"":-0.0796,""Economic.Dependency"":0.0536,""CISV.Scores"":-0.0906,""total_area_km2_da"":-0.0044}"
2466023,,canopy_proportion_road,2819,SAC,SAC (all significant),0.5427,6269.14,"{""rho"":0.8127,""lambda"":-0.2306,""(Intercept)"":0.024,""Ethno.cultural.Composition"":-0.0634,""Economic.Dependency"":0.0343,""CISV.Scores"":-0.088,""total_area_km2_road"":-0.1017}"
2466032,,canopy_proportion_da,34,SLM,SLM,0.7015,69.75,"{""rho"":0.4322,""(Intercept)"":-0.0037,""Ethno.cultural.Composition"":0.0375,""Economic.Dependency"":-0.0647,""CISV.Scores"":-0.4192,""total_area_km2_da"":0.2188}"
2466032,,canopy_proportion_road,34,OLS,OLS,0.5708,78.72,"{""(Intercept)"":2.1021e-17,""Ethno.cultural.Composition"":0.1717,""Economic.Dependency"":0.1457,""CISV.Scores"":-0.9926,""total_area_km2_road"":-0.1537}"
2466058,,canopy_proportion_da,49,OLS,OLS,0.2229,137.69,"{""(Intercept)"":1.8207e-16,""Ethno.cultural.Composition"":0.5782,""Economic.Dependency"":0.3785,""CISV.Scores"":-0.8048,""total_area_km2_da"":-0.1736}"
2466058,,canopy_proportion_road,49,SLM,SLM,0.3622,131.17,"{""rho"":0.2963,""(Intercept)"":0.0063,""Ethno.cultural.Composition"":0.6902,""Economic.Dependency"":0.5372,""CISV.Scores"":-0.8769,""total_area_km2_road"":0.0638}"
2466072,,canopy_proportion_da,35,OLS,OLS,0.4763,87.67,"{""(Intercept)"":-6.1243e-18,""Ethno.cultural.Composition"":-0.6671,""Economic.Dependency"":-0.2016,""CISV.Scores"":0.301,""total_area_km2_da"":-0.413}"
2466072,,canopy_proportion_road,35,OLS,OLS,0.4991,86.12,"{""(Intercept)"":3.1213e-16,""Ethno.cultural.Composition"":-0.4662,""Economic.Dependency"":-0.1917,""CISV.Scores"":0.0404,""total_area_km2_road"":-0.4394}"
2466087,,canopy_proportion_da,33,OLS,OLS,0.5724,76.6,"{""(Intercept)"":3.9445e-17,""Ethno.cultural.Composition"":-0.3227,""Economic.Dependency"":0.1477,""CISV.Scores"":-0.208,""total_area_km2_da"":-0.6103}"
2466087,,canopy_proportion_road,33,OLS,OLS,0.4774,83.22,"{""(Intercept)"":-1.9175e-16,""Ethno.cultural.Composition"":-0.2542,""Economic.Dependency"":0.0242,""CISV.Scores"":-0.2341,""total_area_km2_road"":-0.5913}"
2466097,,canopy_proportion_da,50,SLM,SLM,0.5181,119.02,"{""rho"":0.2536,""(Intercept)"":-0.0021,""Ethno.cultural.Composition"":-0.1979,""Economic.Dependency"":0.3404,""CISV.Scores"":-0.5111,""total_area_km2_da"":-0.2378}"
2466097,,canopy_proportion_road,50,OLS,OLS,0.4269,125.05,"{""(Intercept)"":1.7697e-16,""Ethno.cultural.Composition"":-0.2822,""Economic.Dependency"":-0.1582,""CISV.Scores"":-0.2388,""total_area_km2_road"":-0.3416}"
2466102,,canopy_proportion_da,34,OLS,OLS,0.5768,78.24,"{""(Intercept)"":7.7601e-17,""Ethno.cultural.Composition"":-0.2918,""Economic.Dependency"":-0.1324,""CISV.Scores"":0.3087,""total_area_km2_da"":-0.7011}"
2466102,,canopy_proportion_road,34,SLM,SLM,0.74,67.55,"{""rho"":0.6244,""(Intercept)"":0.0887,""Ethno.cultural.Composition"":-0.0714,""Economic.Dependency"":-0.137,""CISV.Scores"":0.0751,""total_area_km2_road"":-0.6071}"
2466107,,canopy_proportion_da,37,OLS,OLS,0.3573,99.63,"{""(Intercept)"":2.3171e-16,""Ethno.cultural.Composition"":-0.1897,""Economic.Dependency"":0.237,""CISV.Scores"":-0.2184,""total_area_km2_da"":0.5112}"
2466107,,canopy_proportion_road,37,OLS,OLS,0.4617,93.07,"{""(Intercept)"":-4.9945e-17,""Ethno.cultural.Composition"":-0.054,""Economic.Dependency"":0.3951,""CISV.Scores"":-0.4621,""total_area_km2_road"":-0.4146}"
2466142,,canopy_proportion_da,77,SEM,SEM,0.1999,217.33,"{""lambda"":0.4251,""(Intercept)"":0.0125,""Ethno.cultural.Composition"":0.2593,""Economic.Dependency"":0.168,""CISV.Scores"":-0.2253,""total_area_km2_da"":0.3207}"
2466142,,canopy_proportion_road,77,SAC,SAC,0.2329,215.58,"{""rho"":0.388,""lambda"":0.045,""(Intercept)"":0.0111,""Ethno.cultural.Composition"":0.092,""Economic.Dependency"":0.2916,""CISV.Scores"":-0.2802,""total_area_km2_road"":-0.183}"
2467015,,canopy_proportion_da,33,SLM,SLM,0.4714,88.97,"{""rho"":0.6567,""(Intercept)"":0.0379,""Ethno.cultural.Composition"":-0.008,""Economic.Dependency"":0.0502,""CISV.Scores"":-0.0359,""total_area_km2_da"":0.2693}"
2467015,,canopy_proportion_road,33,OLS,OLS,0.1376,99.75,"{""(Intercept)"":-7.9719e-17,""Ethno.cultural.Composition"":-0.1188,""Economic.Dependency"":0.0853,""CISV.Scores"":-0.3748,""total_area_km2_road"":-0.176}"
2467035,,canopy_proportion_da,43,OLS,OLS,0.1512,125.97,"{""(Intercept)"":4.6554e-17,""Ethno.cultural.Composition"":0.019,""Economic.Dependency"":0.1832,""CISV.Scores"":0.1438,""total_area_km2_da"":-0.2975}"
2467035,,canopy_proportion_road,43,SEM,SEM,0.4606,111.32,"{""lambda"":0.5268,""(Intercept)"":0.0211,""Ethno.cultural.Composition"":-0.1385,""Economic.Dependency"":0.6542,""CISV.Scores"":-0.3273,""total_area_km2_road"":-0.5582}"
2467050,,canopy_proportion_da,78,SAC,SAC (all significant),0.5048,202.91,"{""rho"":0.7712,""lambda"":-0.8582,""(Intercept)"":0.0157,""Ethno.cultural.Composition"":-0.1729,""Economic.Dependency"":-0.4071,""CISV.Scores"":0.2259,""total_area_km2_da"":0.0805}"
2467050,,canopy_proportion_road,78,SAC,SAC,0.3082,214.48,"{""rho"":-0.1445,""lambda"":0.6106,""(Intercept)"":0.0053,""Ethno.cultural.Composition"":-0.0883,""Economic.Dependency"":0.0387,""CISV.Scores"":0.0625,""total_area_km2_road"":-0.2598}"
2472005,,canopy_proportion_da,87,SLM,SLM,0.2729,234.49,"{""rho"":0.3737,""(Intercept)"":-0.0096,""Ethno.cultural.Composition"":-0.2516,""Economic.Dependency"":0.0984,""CISV.Scores"":0.1668,""total_area_km2_da"":0.0817}"
2472005,,canopy_proportion_road,87,SLM,SLM,0.5923,193.46,"{""rho"":0.7435,""(Intercept)"":0.0433,""Ethno.cultural.Composition"":-0.2201,""Economic.Dependency"":0.0498,""CISV.Scores"":-0.0004,""total_area_km2_road"":-0.2052}"
2473005,,canopy_proportion_da,46,OLS,OLS,0.161,133.46,"{""(Intercept)"":-3.4818e-17,""Ethno.cultural.Composition"":-0.0039,""Economic.Dependency"":0.1829,""CISV.Scores"":-0.3544,""total_area_km2_da"":0.2941}"
2473005,,canopy_proportion_road,46,OLS,OLS,0.3676,120.45,"{""(Intercept)"":3.9235e-17,""Ethno.cultural.Composition"":0.0049,""Economic.Dependency"":0.3222,""CISV.Scores"":-0.2149,""total_area_km2_road"":-0.5482}"
2473010,,canopy_proportion_da,45,OLS,OLS,0.5595,101.8,"{""(Intercept)"":-9.7585e-17,""Ethno.cultural.Composition"":-0.2349,""Economic.Dependency"":0.1833,""CISV.Scores"":-0.6441,""total_area_km2_da"":0.0426}"
2473010,,canopy_proportion_road,45,SLM,SLM,0.6993,89.67,"{""rho"":0.5412,""(Intercept)"":0.0193,""Ethno.cultural.Composition"":-0.119,""Economic.Dependency"":0.0898,""CISV.Scores"":-0.3841,""total_area_km2_road"":0.0377}"
2473015,,canopy_proportion_da,67,SLM,SLM,0.4352,168.23,"{""rho"":0.4871,""(Intercept)"":0.0039,""Ethno.cultural.Composition"":-0.0352,""Economic.Dependency"":0.1259,""CISV.Scores"":-0.2022,""total_area_km2_da"":0.3982}"
2473015,,canopy_proportion_road,67,OLS,OLS,0.0977,194.24,"{""(Intercept)"":2.5416e-17,""Ethno.cultural.Composition"":-0.2951,""Economic.Dependency"":0.0779,""CISV.Scores"":0.0123,""total_area_km2_road"":0.1682}"
2475017,,canopy_proportion_da,100,SLM,SLM,0.6486,195.22,"{""rho"":0.3982,""(Intercept)"":0.0003,""Ethno.cultural.Composition"":0.0221,""Economic.Dependency"":0.0727,""CISV.Scores"":-0.176,""total_area_km2_da"":0.5379}"
2475017,,canopy_proportion_road,100,SAC,SAC,0.4629,263.23,"{""rho"":-0.6946,""lambda"":0.8502,""(Intercept)"":0.1737,""Ethno.cultural.Composition"":-0.0064,""Economic.Dependency"":0.2346,""CISV.Scores"":-0.4606,""total_area_km2_road"":0.065}"
2481017,,canopy_proportion_da,426,SLM,SLM,0.3439,1068.46,"{""rho"":0.5534,""(Intercept)"":-0.0597,""Ethno.cultural.Composition"":0.0039,""Economic.Dependency"":0.0293,""CISV.Scores"":-0.0868,""total_area_km2_da"":0.1877}"
2481017,,canopy_proportion_road,426,SLM,SLM,0.4959,977.44,"{""rho"":0.7076,""(Intercept)"":-0.0071,""Ethno.cultural.Composition"":0.0188,""Economic.Dependency"":0.1942,""CISV.Scores"":-0.1382,""total_area_km2_road"":0.1259}"
3501012,,canopy_proportion_da,97,SLM,SLM,0.539,216.36,"{""rho"":0.4123,""(Intercept)"":-0.0256,""Ethno.cultural.Composition"":-0.2002,""Economic.Dependency"":-0.0238,""CISV.Scores"":-0.1144,""total_area_km2_da"":0.4715}"
3501012,,canopy_proportion_road,97,SAC,SAC,0.4199,251.64,"{""rho"":0.7207,""lambda"":-0.3913,""(Intercept)"":0.0602,""Ethno.cultural.Composition"":-0.0213,""Economic.Dependency"":0.2038,""CISV.Scores"":-0.2808,""total_area_km2_road"":-0.283}"
3507015,,canopy_proportion_da,42,OLS,OLS,0.1067,125.44,"{""(Intercept)"":1.1517e-16,""Ethno.cultural.Composition"":0.0363,""Economic.Dependency"":0.035,""CISV.Scores"":-0.2184,""total_area_km2_da"":0.2201}"
3507015,,canopy_proportion_road,42,OLS,OLS,0.1919,121.23,"{""(Intercept)"":6.507e-17,""Ethno.cultural.Composition"":0.2231,""Economic.Dependency"":0.053,""CISV.Scores"":-0.3981,""total_area_km2_road"":-0.2789}"
3514021,,canopy_proportion_da,34,OLS,OLS,0.2812,96.25,"{""(Intercept)"":-2.6303e-17,""Ethno.cultural.Composition"":-0.03,""Economic.Dependency"":0.0701,""CISV.Scores"":-0.4394,""total_area_km2_da"":0.326}"
3514021,,canopy_proportion_road,34,SAC,SAC,0.5468,92.37,"{""rho"":-0.3192,""lambda"":0.8691,""(Intercept)"":0.2064,""Ethno.cultural.Composition"":-0.1772,""Economic.Dependency"":0.406,""CISV.Scores"":-0.6842,""total_area_km2_road"":-0.2119}"
3515014,,canopy_proportion_da,131,SAC,SAC,0.1742,365.89,"{""rho"":0.064,""lambda"":0.4023,""(Intercept)"":-0.0235,""Ethno.cultural.Composition"":-0.0737,""Economic.Dependency"":0.0249,""CISV.Scores"":-0.1688,""total_area_km2_da"":0.0509}"
3515014,,canopy_proportion_road,131,SAC,SAC,0.2488,351.47,"{""rho"":0.2999,""lambda"":0.0142,""(Intercept)"":0.0082,""Ethno.cultural.Composition"":0.0395,""Economic.Dependency"":0.1325,""CISV.Scores"":-0.3895,""total_area_km2_road"":-0.3305}"
3518001,,canopy_proportion_da,139,SLM,SLM,0.1566,387.26,"{""rho"":0.3641,""(Intercept)"":-0.0351,""Ethno.cultural.Composition"":-0.0393,""Economic.Dependency"":-0.0118,""CISV.Scores"":-0.1595,""total_area_km2_da"":0.0387}"
3518001,,canopy_proportion_road,139,SAC,SAC,0.3062,363.75,"{""rho"":0.3769,""lambda"":0.2352,""(Intercept)"":0.0741,""Ethno.cultural.Composition"":-0.1073,""Economic.Dependency"":0.1183,""CISV.Scores"":-0.2645,""total_area_km2_road"":-0.1917}"
3518005,,canopy_proportion_da,171,SAC,SAC,0.3585,435.36,"{""rho"":0.5085,""lambda"":-0.2846,""(Intercept)"":-0.0197,""Ethno.cultural.Composition"":-0.3237,""Economic.Dependency"":0.0524,""CISV.Scores"":-0.0164,""total_area_km2_da"":0.2262}"
3518005,,canopy_proportion_road,171,SLM,SLM,0.4867,400.05,"{""rho"":0.6543,""(Intercept)"":0.093,""Ethno.cultural.Composition"":-0.1699,""Economic.Dependency"":-0.0459,""CISV.Scores"":-0.0563,""total_area_km2_road"":-0.2083}"
3518009,,canopy_proportion_da,197,SLM,SLM,0.231,525.51,"{""rho"":0.3853,""(Intercept)"":-0.0303,""Ethno.cultural.Composition"":-0.1352,""Economic.Dependency"":0.2572,""CISV.Scores"":-0.1533,""total_area_km2_da"":0.0802}"
3518009,,canopy_proportion_road,197,SLM,SLM,0.4274,475.45,"{""rho"":0.5846,""(Intercept)"":0.0491,""Ethno.cultural.Composition"":-0.2017,""Economic.Dependency"":0.1638,""CISV.Scores"":-0.2151,""total_area_km2_road"":-0.1613}"
3518013,,canopy_proportion_da,265,SLM,SLM,0.243,704.61,"{""rho"":0.5126,""(Intercept)"":-0.0551,""Ethno.cultural.Composition"":-0.0872,""Economic.Dependency"":0.0838,""CISV.Scores"":-0.0887,""total_area_km2_da"":0.0213}"
3518013,,canopy_proportion_road,265,SLM,SLM,0.4999,605.78,"{""rho"":0.6619,""(Intercept)"":0.0726,""Ethno.cultural.Composition"":-0.0965,""Economic.Dependency"":0.1119,""CISV.Scores"":-0.2604,""total_area_km2_road"":-0.109}"
3519028,,canopy_proportion_da,287,SAC,SAC,0.3906,728.46,"{""rho"":0.7462,""lambda"":-0.3361,""(Intercept)"":-0.0319,""Ethno.cultural.Composition"":-0.1486,""Economic.Dependency"":-0.0792,""CISV.Scores"":-0.0043,""total_area_km2_da"":0.0151}"
3519028,,canopy_proportion_road,287,SLM,SLM,0.6003,606.41,"{""rho"":0.7897,""(Intercept)"":0.0682,""Ethno.cultural.Composition"":-0.0654,""Economic.Dependency"":0.0198,""CISV.Scores"":-0.0988,""total_area_km2_road"":-0.1074}"
3519036,,canopy_proportion_da,337,SLM,SLM,0.6149,680.37,"{""rho"":0.6683,""(Intercept)"":-0.0137,""Ethno.cultural.Composition"":-0.2784,""Economic.Dependency"":0.1114,""CISV.Scores"":0.0007,""total_area_km2_da"":-0.0366}"
3519036,,canopy_proportion_road,337,SLM,SLM,0.5025,765.62,"{""rho"":0.6597,""(Intercept)"":0.0849,""Ethno.cultural.Composition"":-0.1126,""Economic.Dependency"":0.0536,""CISV.Scores"":-0.1065,""total_area_km2_road"":-0.2169}"
3519038,,canopy_proportion_da,209,SAC,SAC (all significant),0.3669,535.42,"{""rho"":0.6433,""lambda"":-0.3625,""(Intercept)"":-0.023,""Ethno.cultural.Composition"":-0.2457,""Economic.Dependency"":0.1017,""CISV.Scores"":0.0737,""total_area_km2_da"":0.1262}"
3519038,,canopy_proportion_road,209,SLM,SLM,0.4888,482.75,"{""rho"":0.6187,""(Intercept)"":0.0637,""Ethno.cultural.Composition"":-0.0755,""Economic.Dependency"":0.167,""CISV.Scores"":-0.2125,""total_area_km2_road"":-0.2231}"
3519046,,canopy_proportion_da,62,OLS,OLS,0.0336,184.82,"{""(Intercept)"":1.0901e-16,""Ethno.cultural.Composition"":0.0748,""Economic.Dependency"":0.2126,""CISV.Scores"":-0.1936,""total_area_km2_da"":0.0748}"
3519046,,canopy_proportion_road,62,OLS,OLS,0.4113,154.09,"{""(Intercept)"":-2.832e-16,""Ethno.cultural.Composition"":-0.1954,""Economic.Dependency"":0.1474,""CISV.Scores"":-0.3887,""total_area_km2_road"":-0.3465}"
3519048,,canopy_proportion_da,104,SAC,SAC (all significant),0.3138,276.64,"{""rho"":0.5132,""lambda"":0.0949,""(Intercept)"":0.0018,""Ethno.cultural.Composition"":-0.2526,""Economic.Dependency"":0.0294,""CISV.Scores"":0.004,""total_area_km2_da"":0.0585}"
3519048,,canopy_proportion_road,104,SEM,SEM,0.5365,238.56,"{""lambda"":0.67,""(Intercept)"":0.1413,""Ethno.cultural.Composition"":-0.1625,""Economic.Dependency"":0.0896,""CISV.Scores"":-0.2464,""total_area_km2_road"":-0.3818}"
3521005,,canopy_proportion_da,964,SAC,SAC (all significant),0.6045,1993.19,"{""rho"":0.7762,""lambda"":-0.2427,""(Intercept)"":-0.006,""Ethno.cultural.Composition"":-0.1778,""Economic.Dependency"":0.0672,""CISV.Scores"":-0.0317,""total_area_km2_da"":-0.0237}"
3521005,,canopy_proportion_road,964,SAC,SAC (all significant),0.5519,2069.08,"{""rho"":0.6802,""lambda"":-0.0908,""(Intercept)"":0.056,""Ethno.cultural.Composition"":-0.1707,""Economic.Dependency"":0.1129,""CISV.Scores"":-0.1724,""total_area_km2_road"":-0.061}"
3521010,,canopy_proportion_da,680,SLM,SLM,0.4089,1603.25,"{""rho"":0.3899,""(Intercept)"":-0.0346,""Ethno.cultural.Composition"":-0.4118,""Economic.Dependency"":-0.0161,""CISV.Scores"":0.0322,""total_area_km2_da"":0.0084}"
3521010,,canopy_proportion_road,680,SAC,SAC (all significant),0.5328,1497.24,"{""rho"":0.6802,""lambda"":-0.2404,""(Intercept)"":0.0409,""Ethno.cultural.Composition"":-0.2405,""Economic.Dependency"":-0.0101,""CISV.Scores"":-0.0382,""total_area_km2_road"":-0.1112}"
3522014,,canopy_proportion_da,44,OLS,OLS,0.3549,116.57,"{""(Intercept)"":-8.7969e-17,""Ethno.cultural.Composition"":-0.18,""Economic.Dependency"":0.873,""CISV.Scores"":-0.6542,""total_area_km2_da"":0.1073}"
3522014,,canopy_proportion_road,44,SLM,SLM,0.4802,110.95,"{""rho"":0.4338,""(Intercept)"":0.0643,""Ethno.cultural.Composition"":-0.2419,""Economic.Dependency"":0.2511,""CISV.Scores"":-0.2215,""total_area_km2_road"":-0.3935}"
3523008,,canopy_proportion_da,199,SLM,SLM,0.2616,523.34,"{""rho"":0.4,""(Intercept)"":-0.0243,""Ethno.cultural.Composition"":-0.3301,""Economic.Dependency"":-0.1397,""CISV.Scores"":0.0431,""total_area_km2_da"":0.1047}"
3523008,,canopy_proportion_road,199,SLM,SLM,0.5633,428.65,"{""rho"":0.6151,""(Intercept)"":0.0225,""Ethno.cultural.Composition"":-0.3462,""Economic.Dependency"":-0.0501,""CISV.Scores"":0.0512,""total_area_km2_road"":-0.137}"
3524001,,canopy_proportion_da,311,SLM,SLM,0.5811,658.4,"{""rho"":0.7072,""(Intercept)"":-0.0252,""Ethno.cultural.Composition"":-0.2056,""Economic.Dependency"":0.0523,""CISV.Scores"":-0.0657,""total_area_km2_da"":0.0721}"
3524001,,canopy_proportion_road,311,SLM,SLM,0.7166,550.54,"{""rho"":0.8029,""(Intercept)"":0.0583,""Ethno.cultural.Composition"":-0.1552,""Economic.Dependency"":0.0208,""CISV.Scores"":-0.0796,""total_area_km2_road"":-0.0848}"
3524002,,canopy_proportion_da,283,SAC,SAC (all significant),0.5505,633.57,"{""rho"":0.7473,""lambda"":-0.3334,""(Intercept)"":0.0055,""Ethno.cultural.Composition"":-0.1863,""Economic.Dependency"":0.0728,""CISV.Scores"":-0.0668,""total_area_km2_da"":0.0428}"
3524002,,canopy_proportion_road,283,SAC,SAC (all significant),0.6419,593.7,"{""rho"":-0.3569,""lambda"":0.8854,""(Intercept)"":0.2417,""Ethno.cultural.Composition"":-0.1716,""Economic.Dependency"":0.0824,""CISV.Scores"":-0.1668,""total_area_km2_road"":-0.2047}"
3525005,,canopy_proportion_da,887,SLM,SLM,0.5162,1975.28,"{""rho"":0.6884,""(Intercept)"":-0.0195,""Ethno.cultural.Composition"":-0.1162,""Economic.Dependency"":0.0153,""CISV.Scores"":-0.0124,""total_area_km2_da"":0.0258}"
3525005,,canopy_proportion_road,887,SAC,SAC (all significant),0.4897,2033.08,"{""rho"":0.7121,""lambda"":-0.0667,""(Intercept)"":0.0372,""Ethno.cultural.Composition"":-0.1943,""Economic.Dependency"":0.0578,""CISV.Scores"":-0.0585,""total_area_km2_road"":-0.1008}"
3526032,,canopy_proportion_da,91,SLM,SLM,0.165,256.86,"{""rho"":0.3437,""(Intercept)"":0.0042,""Ethno.cultural.Composition"":-0.0741,""Economic.Dependency"":0.0683,""CISV.Scores"":-0.1808,""total_area_km2_da"":0.047}"
3526032,,canopy_proportion_road,91,SLM,SLM,0.4698,222.17,"{""rho"":0.6541,""(Intercept)"":0.0564,""Ethno.cultural.Composition"":-0.1597,""Economic.Dependency"":0.1775,""CISV.Scores"":0.0884,""total_area_km2_road"":-0.1587}"
3526043,,canopy_proportion_da,148,SAC,SAC,0.2474,395.98,"{""rho"":0.2649,""lambda"":0.2149,""(Intercept)"":0.013,""Ethno.cultural.Composition"":-0.1238,""Economic.Dependency"":0.0785,""CISV.Scores"":-0.0616,""total_area_km2_da"":0.2703}"
3526043,,canopy_proportion_road,148,SLM,SLM,0.4021,365.05,"{""rho"":0.5267,""(Intercept)"":0.0562,""Ethno.cultural.Composition"":-0.0875,""Economic.Dependency"":0.1489,""CISV.Scores"":-0.3025,""total_area_km2_road"":-0.1741}"
3526053,,canopy_proportion_da,229,SLM,SLM,0.5342,517.83,"{""rho"":0.7563,""(Intercept)"":-0.0055,""Ethno.cultural.Composition"":-0.1057,""Economic.Dependency"":0.0686,""CISV.Scores"":-0.0645,""total_area_km2_da"":-0.084}"
3526053,,canopy_proportion_road,229,SLM,SLM,0.6059,477.03,"{""rho"":0.7316,""(Intercept)"":0.049,""Ethno.cultural.Composition"":-0.0624,""Economic.Dependency"":0.1003,""CISV.Scores"":-0.1942,""total_area_km2_road"":-0.1706}"
3526065,,canopy_proportion_da,38,OLS,OLS,0.1376,113.2,"{""(Intercept)"":-1.21e-16,""Ethno.cultural.Composition"":0.0154,""Economic.Dependency"":0.4429,""CISV.Scores"":-0.2456,""total_area_km2_da"":-0.0915}"
3526065,,canopy_proportion_road,38,SLM,SLM,0.3913,104.63,"{""rho"":0.5574,""(Intercept)"":0.0627,""Ethno.cultural.Composition"":0.0467,""Economic.Dependency"":0.2134,""CISV.Scores"":-0.2741,""total_area_km2_road"":-0.3515}"
3529006,,canopy_proportion_da,173,SAC,SAC,0.3103,454.88,"{""rho"":0.5836,""lambda"":-0.1864,""(Intercept)"":-0.0053,""Ethno.cultural.Composition"":-0.2716,""Economic.Dependency"":-0.0405,""CISV.Scores"":-0.1221,""total_area_km2_da"":0.0044}"
3529006,,canopy_proportion_road,173,SLM,SLM,0.407,422.07,"{""rho"":0.4983,""(Intercept)"":0.0193,""Ethno.cultural.Composition"":-0.2018,""Economic.Dependency"":0.1047,""CISV.Scores"":-0.2951,""total_area_km2_road"":-0.1985}"
3530010,,canopy_proportion_da,189,SAC,SAC,0.4066,467.32,"{""rho"":0.5828,""lambda"":0.1633,""(Intercept)"":-0.0227,""Ethno.cultural.Composition"":-0.1742,""Economic.Dependency"":0.1283,""CISV.Scores"":-0.11,""total_area_km2_da"":0.0758}"
3530010,,canopy_proportion_road,189,SAC,SAC (all significant),0.6372,382.8,"{""rho"":0.6914,""lambda"":0.2532,""(Intercept)"":0.0216,""Ethno.cultural.Composition"":-0.2207,""Economic.Dependency"":0.0281,""CISV.Scores"":-0.0795,""total_area_km2_road"":-0.1107}"
3530013,,canopy_proportion_da,320,SEM,SEM,0.2112,854.71,"{""lambda"":0.4019,""(Intercept)"":-0.0124,""Ethno.cultural.Composition"":-0.1823,""Economic.Dependency"":0.2183,""CISV.Scores"":-0.139,""total_area_km2_da"":0.1163}"
3530013,,canopy_proportion_road,320,SLM,SLM,0.4913,738.7,"{""rho"":0.6961,""(Intercept)"":0.0437,""Ethno.cultural.Composition"":-0.1529,""Economic.Dependency"":0.1734,""CISV.Scores"":-0.1288,""total_area_km2_road"":-0.1293}"
3530016,,canopy_proportion_da,154,SAC,SAC,0.3248,408,"{""rho"":-0.1819,""lambda"":0.6618,""(Intercept)"":0.0536,""Ethno.cultural.Composition"":-0.2081,""Economic.Dependency"":0.109,""CISV.Scores"":-0.0907,""total_area_km2_da"":0.1624}"
3530016,,canopy_proportion_road,154,SLM,SLM,0.4987,357.97,"{""rho"":0.6386,""(Intercept)"":0.0342,""Ethno.cultural.Composition"":-0.19,""Economic.Dependency"":0.1556,""CISV.Scores"":-0.0151,""total_area_km2_road"":-0.1038}"
3531011,,canopy_proportion_da,45,OLS,OLS,0.3542,119.02,"{""(Intercept)"":-4.4372e-17,""Ethno.cultural.Composition"":-0.2716,""Economic.Dependency"":0.4465,""CISV.Scores"":-0.1952,""total_area_km2_da"":-0.3615}"
3531011,,canopy_proportion_road,45,SLM,SLM,0.4283,118.18,"{""rho"":0.518,""(Intercept)"":0.0143,""Ethno.cultural.Composition"":-0.2837,""Economic.Dependency"":0.2393,""CISV.Scores"":-0.2201,""total_area_km2_road"":-0.3599}"
3532042,,canopy_proportion_da,61,SAC,SAC (all significant),0.5877,151.72,"{""rho"":0.876,""lambda"":-0.6439,""(Intercept)"":-0.0239,""Ethno.cultural.Composition"":-0.2883,""Economic.Dependency"":0.1111,""CISV.Scores"":-0.188,""total_area_km2_da"":0.1527}"
3532042,,canopy_proportion_road,61,SLM,SLM,0.5625,143.45,"{""rho"":0.7234,""(Intercept)"":0.0364,""Ethno.cultural.Composition"":-0.2009,""Economic.Dependency"":0.025,""CISV.Scores"":-0.2381,""total_area_km2_road"":-0.1461}"
3534021,,canopy_proportion_da,61,SLM,SLM,0.5079,150.61,"{""rho"":0.7265,""(Intercept)"":-0.003,""Ethno.cultural.Composition"":-0.2131,""Economic.Dependency"":0.0588,""CISV.Scores"":-0.0285,""total_area_km2_da"":0.1159}"
3534021,,canopy_proportion_road,61,SLM,SLM,0.3969,159.11,"{""rho"":0.5472,""(Intercept)"":0.0214,""Ethno.cultural.Composition"":-0.1956,""Economic.Dependency"":0.1154,""CISV.Scores"":-0.0263,""total_area_km2_road"":-0.2515}"
3537034,,canopy_proportion_da,49,SAC,SAC,0.3524,135.45,"{""rho"":0.497,""lambda"":-0.0066,""(Intercept)"":-0.0287,""Ethno.cultural.Composition"":-0.1918,""Economic.Dependency"":-0.0035,""CISV.Scores"":-0.1267,""total_area_km2_da"":-0.1886}"
3537034,,canopy_proportion_road,49,OLS,OLS,0.2871,133.47,"{""(Intercept)"":-8.0801e-18,""Ethno.cultural.Composition"":-0.4762,""Economic.Dependency"":-0.0218,""CISV.Scores"":-0.0023,""total_area_km2_road"":-0.2306}"
3537039,,canopy_proportion_da,381,SLM,SLM,0.3291,964.51,"{""rho"":0.549,""(Intercept)"":0.0231,""Ethno.cultural.Composition"":-0.1354,""Economic.Dependency"":-0.1212,""CISV.Scores"":-0.0579,""total_area_km2_da"":-0.0745}"
3537039,,canopy_proportion_road,381,SLM,SLM,0.5102,858.37,"{""rho"":0.6705,""(Intercept)"":0.0603,""Ethno.cultural.Composition"":-0.0379,""Economic.Dependency"":-0.0995,""CISV.Scores"":-0.1609,""total_area_km2_road"":-0.2805}"
3539036,,canopy_proportion_da,569,SLM,SLM,0.3824,1388.56,"{""rho"":0.5658,""(Intercept)"":-0.0151,""Ethno.cultural.Composition"":-0.2095,""Economic.Dependency"":0.0996,""CISV.Scores"":-0.0541,""total_area_km2_da"":-0.0476}"
3539036,,canopy_proportion_road,569,SAC,SAC (all significant),0.5224,1258.4,"{""rho"":0.5055,""lambda"":0.4615,""(Intercept)"":0.0788,""Ethno.cultural.Composition"":-0.175,""Economic.Dependency"":0.0607,""CISV.Scores"":-0.1703,""total_area_km2_road"":-0.1118}"
3542059,,canopy_proportion_da,43,SLM,SLM,0.3046,121.6,"{""rho"":0.4764,""(Intercept)"":-0.0061,""Ethno.cultural.Composition"":0.012,""Economic.Dependency"":0.0702,""CISV.Scores"":-0.2951,""total_area_km2_da"":-0.0681}"
3542059,,canopy_proportion_road,43,SLM,SLM,0.5662,103.85,"{""rho"":0.6574,""(Intercept)"":-0.0066,""Ethno.cultural.Composition"":-0.0515,""Economic.Dependency"":0.1516,""CISV.Scores"":-0.2805,""total_area_km2_road"":-0.1586}"
3543031,,canopy_proportion_da,34,OLS,OLS,0.1633,101.41,"{""(Intercept)"":-8.6995e-17,""Ethno.cultural.Composition"":-0.2991,""Economic.Dependency"":-0.2897,""CISV.Scores"":0.2577,""total_area_km2_da"":0.3715}"
3543031,,canopy_proportion_road,34,OLS,OLS,0.2428,98.02,"{""(Intercept)"":-7.6036e-18,""Ethno.cultural.Composition"":-0.4572,""Economic.Dependency"":-0.1914,""CISV.Scores"":0.3614,""total_area_km2_road"":-0.1436}"
3543042,,canopy_proportion_da,243,SAC,SAC,0.2904,652.44,"{""rho"":0.6888,""lambda"":-0.3957,""(Intercept)"":-0.0335,""Ethno.cultural.Composition"":-0.147,""Economic.Dependency"":0.0865,""CISV.Scores"":-0.0139,""total_area_km2_da"":0.0919}"
3543042,,canopy_proportion_road,243,SLM,SLM,0.6048,509.59,"{""rho"":0.758,""(Intercept)"":0.0485,""Ethno.cultural.Composition"":-0.169,""Economic.Dependency"":-0.0436,""CISV.Scores"":0.0608,""total_area_km2_road"":-0.1194}"
3543052,,canopy_proportion_da,61,OLS,OLS,0.3193,160.64,"{""(Intercept)"":-3.8479e-17,""Ethno.cultural.Composition"":-0.3283,""Economic.Dependency"":-0.3075,""CISV.Scores"":-0.0477,""total_area_km2_da"":-0.401}"
3543052,,canopy_proportion_road,61,SAC,SAC,0.4304,156.14,"{""rho"":0.4251,""lambda"":-0.0068,""(Intercept)"":0.0195,""Ethno.cultural.Composition"":-0.2708,""Economic.Dependency"":0.1276,""CISV.Scores"":-0.1997,""total_area_km2_road"":-0.1784}"
3543074,,canopy_proportion_da,33,OLS,OLS,0.2816,93.72,"{""(Intercept)"":-1.2418e-16,""Ethno.cultural.Composition"":0.0128,""Economic.Dependency"":-0.1361,""CISV.Scores"":-0.2451,""total_area_km2_da"":0.4504}"
3543074,,canopy_proportion_road,33,SAC,SAC,0.4291,95.64,"{""rho"":0.6883,""lambda"":-0.557,""(Intercept)"":0.0084,""Ethno.cultural.Composition"":-0.1629,""Economic.Dependency"":-0.2025,""CISV.Scores"":-0.0862,""total_area_km2_road"":0.3323}"
4607062,,canopy_proportion_da,77,SLM,SLM,0.3687,201.07,"{""rho"":0.555,""(Intercept)"":0.054,""Ethno.cultural.Composition"":-0.2485,""Economic.Dependency"":-0.1925,""CISV.Scores"":-0.0009,""total_area_km2_da"":-0.2653}"
4607062,,canopy_proportion_road,77,SAC,SAC,0.523,180.69,"{""rho"":0.4429,""lambda"":0.2905,""(Intercept)"":0.0428,""Ethno.cultural.Composition"":-0.1981,""Economic.Dependency"":-0.1078,""CISV.Scores"":-0.1897,""total_area_km2_road"":-0.4369}"
4611040,,canopy_proportion_da,1126,SAC,SAC (all significant),0.7023,2103,"{""rho"":-0.2581,""lambda"":0.9074,""(Intercept)"":0.2344,""Ethno.cultural.Composition"":-0.1538,""Economic.Dependency"":-0.0059,""CISV.Scores"":-0.1232,""total_area_km2_da"":-0.0731}"
4611040,,canopy_proportion_road,1126,SAC,SAC (all significant),0.7161,1995.59,"{""rho"":0.8548,""lambda"":-0.0501,""(Intercept)"":0.0425,""Ethno.cultural.Composition"":-0.0723,""Economic.Dependency"":-0.054,""CISV.Scores"":-0.0612,""total_area_km2_road"":-0.1499}"
4706027,,canopy_proportion_da,382,SLM,SLM,0.6964,708.49,"{""rho"":0.8414,""(Intercept)"":0.0645,""Ethno.cultural.Composition"":-0.1877,""Economic.Dependency"":-0.0936,""CISV.Scores"":0.0721,""total_area_km2_da"":-0.1428}"
4706027,,canopy_proportion_road,382,SLM,SLM,0.7265,678.18,"{""rho"":0.8783,""(Intercept)"":0.0588,""Ethno.cultural.Composition"":-0.1528,""Economic.Dependency"":-0.1102,""CISV.Scores"":0.0754,""total_area_km2_road"":-0.1555}"
4707039,,canopy_proportion_da,64,SAC,SAC,0.4035,168.94,"{""rho"":0.1168,""lambda"":0.602,""(Intercept)"":0.0959,""Ethno.cultural.Composition"":-0.1076,""Economic.Dependency"":0.0293,""CISV.Scores"":-0.1784,""total_area_km2_da"":-0.3743}"
4707039,,canopy_proportion_road,64,SAC,SAC,0.6153,147.22,"{""rho"":0.1864,""lambda"":0.8081,""(Intercept)"":0.0532,""Ethno.cultural.Composition"":-0.0576,""Economic.Dependency"":-0.0625,""CISV.Scores"":-0.1866,""total_area_km2_road"":-0.4371}"
4708004,,canopy_proportion_da,30,OLS,OLS,0.4952,75.61,"{""(Intercept)"":9.3027e-18,""Ethno.cultural.Composition"":-0.0334,""Economic.Dependency"":-0.2411,""CISV.Scores"":0.3442,""total_area_km2_da"":-0.5431}"
4708004,,canopy_proportion_road,30,OLS,OLS,0.5488,72.25,"{""(Intercept)"":6.9669e-17,""Ethno.cultural.Composition"":-0.1098,""Economic.Dependency"":-0.2308,""CISV.Scores"":0.4526,""total_area_km2_road"":-0.5502}"
4709012,,canopy_proportion_da,31,SLM,SLM,0.6371,72.15,"{""rho"":0.5826,""(Intercept)"":0.0502,""Ethno.cultural.Composition"":-0.0584,""Economic.Dependency"":-0.0968,""CISV.Scores"":0.2696,""total_area_km2_da"":-0.4523}"
4709012,,canopy_proportion_road,31,SLM,SLM,0.7331,65.11,"{""rho"":0.7565,""(Intercept)"":0.0621,""Ethno.cultural.Composition"":-0.1166,""Economic.Dependency"":-0.1713,""CISV.Scores"":0.3315,""total_area_km2_road"":-0.3632}"
4711066,,canopy_proportion_da,367,SLM,SLM,0.708,663.33,"{""rho"":0.8257,""(Intercept)"":0.0633,""Ethno.cultural.Composition"":-0.2483,""Economic.Dependency"":-0.1484,""CISV.Scores"":0.1466,""total_area_km2_da"":-0.1018}"
4711066,,canopy_proportion_road,367,SLM,SLM,0.781,570.72,"{""rho"":0.8793,""(Intercept)"":0.0533,""Ethno.cultural.Composition"":-0.1986,""Economic.Dependency"":-0.1384,""CISV.Scores"":0.1361,""total_area_km2_road"":-0.1134}"
4715066,,canopy_proportion_da,68,SAC,SAC,0.2448,191.72,"{""rho"":0.4138,""lambda"":0.2015,""(Intercept)"":-0.0104,""Ethno.cultural.Composition"":0.0017,""Economic.Dependency"":-0.0595,""CISV.Scores"":0.0516,""total_area_km2_da"":0.2395}"
4715066,,canopy_proportion_road,68,SAC,SAC,0.2675,190.39,"{""rho"":0.3581,""lambda"":0.3751,""(Intercept)"":0.0632,""Ethno.cultural.Composition"":-0.1435,""Economic.Dependency"":-0.1644,""CISV.Scores"":0.0734,""total_area_km2_road"":-0.072}"
4801006,,canopy_proportion_da,100,SLM,SLM,0.6951,193.76,"{""rho"":0.7901,""(Intercept)"":0.0369,""Ethno.cultural.Composition"":0.0241,""Economic.Dependency"":-0.1889,""CISV.Scores"":0.2149,""total_area_km2_da"":-0.2315}"
4801006,,canopy_proportion_road,100,SLM,SLM,0.7422,176.95,"{""rho"":0.7895,""(Intercept)"":0.0236,""Ethno.cultural.Composition"":-0.0666,""Economic.Dependency"":-0.2022,""CISV.Scores"":0.2678,""total_area_km2_road"":-0.1963}"
4802012,,canopy_proportion_da,144,SAC,SAC (all significant),0.7422,271.39,"{""rho"":0.9363,""lambda"":-0.4986,""(Intercept)"":0.058,""Ethno.cultural.Composition"":-0.0775,""Economic.Dependency"":-0.0349,""CISV.Scores"":0.0487,""total_area_km2_da"":-0.1757}"
4802012,,canopy_proportion_road,144,SAC,SAC (all significant),0.7179,282.79,"{""rho"":0.9346,""lambda"":-0.434,""(Intercept)"":0.0417,""Ethno.cultural.Composition"":-0.0634,""Economic.Dependency"":-0.0802,""CISV.Scores"":0.0621,""total_area_km2_road"":-0.1497}"
4806012,,canopy_proportion_da,36,OLS,OLS,0.3227,99.12,"{""(Intercept)"":-2.7665e-17,""Ethno.cultural.Composition"":-0.486,""Economic.Dependency"":-0.0397,""CISV.Scores"":0.3952,""total_area_km2_da"":0.0462}"
4806012,,canopy_proportion_road,36,SLM,SLM,0.6057,85.16,"{""rho"":0.6411,""(Intercept)"":0.0183,""Ethno.cultural.Composition"":-0.3256,""Economic.Dependency"":-0.0752,""CISV.Scores"":0.2006,""total_area_km2_road"":-0.2163}"
4806016,,canopy_proportion_da,1664,SAC,SAC (all significant),0.6523,3253.57,"{""rho"":0.812,""lambda"":-0.2486,""(Intercept)"":0.025,""Ethno.cultural.Composition"":-0.1264,""Economic.Dependency"":0.1026,""CISV.Scores"":-0.0276,""total_area_km2_da"":-0.0407}"
4806016,,canopy_proportion_road,1664,SAC,SAC (all significant),0.6444,3341.94,"{""rho"":0.8607,""lambda"":-0.2654,""(Intercept)"":0.0408,""Ethno.cultural.Composition"":-0.1002,""Economic.Dependency"":0.0257,""CISV.Scores"":0.0004,""total_area_km2_road"":-0.0748}"
4806019,,canopy_proportion_da,38,OLS,OLS,0.1404,113.07,"{""(Intercept)"":-1.1851e-17,""Ethno.cultural.Composition"":-0.1773,""Economic.Dependency"":0.2127,""CISV.Scores"":-0.0764,""total_area_km2_da"":0.2406}"
4806019,,canopy_proportion_road,38,OLS,OLS,0.1009,114.78,"{""(Intercept)"":-2.5922e-16,""Ethno.cultural.Composition"":-0.207,""Economic.Dependency"":-0.093,""CISV.Scores"":0.3578,""total_area_km2_road"":0.038}"
4806021,,canopy_proportion_da,89,SLM,SLM,0.4843,213.88,"{""rho"":0.6291,""(Intercept)"":-0.0063,""Ethno.cultural.Composition"":-0.0689,""Economic.Dependency"":0.2661,""CISV.Scores"":0.0199,""total_area_km2_da"":-0.0056}"
4806021,,canopy_proportion_road,89,SLM,SLM,0.549,205.16,"{""rho"":0.7283,""(Intercept)"":0.0118,""Ethno.cultural.Composition"":-0.279,""Economic.Dependency"":-0.0042,""CISV.Scores"":0.1636,""total_area_km2_road"":0.0348}"
4808011,,canopy_proportion_da,154,SAC,SAC (all significant),0.4793,386.89,"{""rho"":-0.5011,""lambda"":0.8753,""(Intercept)"":-0.3129,""Ethno.cultural.Composition"":-0.0246,""Economic.Dependency"":-0.0711,""CISV.Scores"":-0.1832,""total_area_km2_da"":0.0037}"
4808011,,canopy_proportion_road,154,SAC,SAC (all significant),0.6346,332.04,"{""rho"":0.888,""lambda"":-0.4097,""(Intercept)"":0.0186,""Ethno.cultural.Composition"":-0.1788,""Economic.Dependency"":-0.1155,""CISV.Scores"":0.2031,""total_area_km2_road"":-0.0332}"
4810011,,canopy_proportion_da,32,OLS,OLS,0.4522,82.54,"{""(Intercept)"":1.0401e-17,""Ethno.cultural.Composition"":0.1705,""Economic.Dependency"":0.3761,""CISV.Scores"":-0.0162,""total_area_km2_da"":-0.6165}"
4810011,,canopy_proportion_road,32,OLS,OLS,0.3901,85.97,"{""(Intercept)"":2.536e-17,""Ethno.cultural.Composition"":0.2442,""Economic.Dependency"":0.2466,""CISV.Scores"":0.1692,""total_area_km2_road"":-0.5307}"
4810039,,canopy_proportion_da,45,OLS,OLS,0.2357,126.6,"{""(Intercept)"":-6.0765e-17,""Ethno.cultural.Composition"":-0.0892,""Economic.Dependency"":0.2155,""CISV.Scores"":0.1502,""total_area_km2_da"":-0.3837}"
4810039,,canopy_proportion_road,45,SLM,SLM,0.3676,123.72,"{""rho"":0.6125,""(Intercept)"":0.0407,""Ethno.cultural.Composition"":-0.0642,""Economic.Dependency"":0.0624,""CISV.Scores"":0.1038,""total_area_km2_road"":-0.1933}"
4811016,,canopy_proportion_da,30,OLS,OLS,0.3689,82.31,"{""(Intercept)"":-2.5416e-16,""Ethno.cultural.Composition"":-0.4794,""Economic.Dependency"":0.1319,""CISV.Scores"":0.0056,""total_area_km2_da"":-0.2377}"
4811016,,canopy_proportion_road,30,OLS,OLS,0.3592,82.77,"{""(Intercept)"":-1.1453e-16,""Ethno.cultural.Composition"":-0.564,""Economic.Dependency"":-0.6128,""CISV.Scores"":0.7835,""total_area_km2_road"":-0.2835}"
4811049,,canopy_proportion_da,36,OLS,OLS,0.1942,105.38,"{""(Intercept)"":-2.2878e-16,""Ethno.cultural.Composition"":-0.0496,""Economic.Dependency"":0.4429,""CISV.Scores"":-0.0514,""total_area_km2_da"":0.0877}"
4811049,,canopy_proportion_road,36,SLM,SLM,0.5427,91.2,"{""rho"":0.7072,""(Intercept)"":0.0095,""Ethno.cultural.Composition"":-0.1742,""Economic.Dependency"":0.0869,""CISV.Scores"":0.0935,""total_area_km2_road"":-0.0404}"
4811061,,canopy_proportion_da,1317,SLM,SLM,0.6302,2625.5,"{""rho"":0.7807,""(Intercept)"":-0.0172,""Ethno.cultural.Composition"":-0.1176,""Economic.Dependency"":-0.0387,""CISV.Scores"":-0.0007,""total_area_km2_da"":-0.0168}"
4811061,,canopy_proportion_road,1317,SAC,SAC (all significant),0.7853,2038.69,"{""rho"":0.9168,""lambda"":-0.1987,""(Intercept)"":0.0211,""Ethno.cultural.Composition"":-0.0798,""Economic.Dependency"":-0.0689,""CISV.Scores"":0.0336,""total_area_km2_road"":-0.0497}"
4811062,,canopy_proportion_da,98,SAC,SAC (all significant),0.6272,219.54,"{""rho"":0.8685,""lambda"":-0.4158,""(Intercept)"":0.0342,""Ethno.cultural.Composition"":-0.0151,""Economic.Dependency"":0.074,""CISV.Scores"":0.0283,""total_area_km2_da"":-0.1568}"
4811062,,canopy_proportion_road,98,SAC,SAC (all significant),0.656,213.56,"{""rho"":-0.1334,""lambda"":0.9168,""(Intercept)"":0.4255,""Ethno.cultural.Composition"":0.0344,""Economic.Dependency"":-0.0502,""CISV.Scores"":-0.1765,""total_area_km2_road"":-0.1771}"
4819012,,canopy_proportion_da,94,SLM,SLM,0.365,242.9,"{""rho"":0.5415,""(Intercept)"":-0.0359,""Ethno.cultural.Composition"":-0.2282,""Economic.Dependency"":0.1697,""CISV.Scores"":0.039,""total_area_km2_da"":-0.0317}"
4819012,,canopy_proportion_road,94,SAC,SAC (all significant),0.485,232.28,"{""rho"":0.6967,""lambda"":-0.3767,""(Intercept)"":0.0424,""Ethno.cultural.Composition"":-0.2135,""Economic.Dependency"":0.0932,""CISV.Scores"":0.1632,""total_area_km2_road"":-0.1324}"
5901022,,canopy_proportion_da,37,OLS,OLS,0.4733,92.26,"{""(Intercept)"":8.3639e-17,""Ethno.cultural.Composition"":0.102,""Economic.Dependency"":-0.0495,""CISV.Scores"":-0.3225,""total_area_km2_da"":0.6579}"
5901022,,canopy_proportion_road,37,OLS,OLS,0.2546,105.12,"{""(Intercept)"":-5.6314e-17,""Ethno.cultural.Composition"":0.3472,""Economic.Dependency"":0.3929,""CISV.Scores"":-0.1884,""total_area_km2_road"":0.1895}"
5907041,,canopy_proportion_da,61,OLS,OLS,0.2015,170.38,"{""(Intercept)"":-1.5143e-16,""Ethno.cultural.Composition"":-0.0418,""Economic.Dependency"":-0.2574,""CISV.Scores"":-0.0388,""total_area_km2_da"":0.3229}"
5907041,,canopy_proportion_road,61,SLM,SLM,0.2787,168.41,"{""rho"":0.4204,""(Intercept)"":0.0043,""Ethno.cultural.Composition"":-0.1418,""Economic.Dependency"":-0.2878,""CISV.Scores"":0.2636,""total_area_km2_road"":-0.0257}"
5909052,,canopy_proportion_da,223,SLM,SLM,0.4576,528.75,"{""rho"":0.6395,""(Intercept)"":-0.0135,""Ethno.cultural.Composition"":-0.1601,""Economic.Dependency"":-0.0714,""CISV.Scores"":-0.0576,""total_area_km2_da"":-0.05}"
5909052,,canopy_proportion_road,223,SEM,SEM,0.311,578.33,"{""lambda"":0.5837,""(Intercept)"":-0.007,""Ethno.cultural.Composition"":-0.4479,""Economic.Dependency"":-0.0926,""CISV.Scores"":0.0886,""total_area_km2_road"":-0.115}"
5915001,,canopy_proportion_da,163,SLM,SLM,0.4583,390.81,"{""rho"":0.6408,""(Intercept)"":-0.0185,""Ethno.cultural.Composition"":-0.1049,""Economic.Dependency"":0.0087,""CISV.Scores"":0.0683,""total_area_km2_da"":0.1973}"
5915001,,canopy_proportion_road,163,SLM,SLM,0.5641,357.86,"{""rho"":0.6806,""(Intercept)"":-0.025,""Ethno.cultural.Composition"":0.0191,""Economic.Dependency"":0.1842,""CISV.Scores"":-0.0464,""total_area_km2_road"":0.1726}"
5915002,,canopy_proportion_da,40,SLM,SLM,0.6684,84.22,"{""rho"":0.4525,""(Intercept)"":0.0095,""Ethno.cultural.Composition"":-0.2851,""Economic.Dependency"":-0.3677,""CISV.Scores"":-0.0127,""total_area_km2_da"":-0.3724}"
5915002,,canopy_proportion_road,40,OLS,OLS,0.4465,100.84,"{""(Intercept)"":-3.6166e-17,""Ethno.cultural.Composition"":-0.4026,""Economic.Dependency"":-0.401,""CISV.Scores"":0.0127,""total_area_km2_road"":-0.4979}"
5915004,,canopy_proportion_da,665,SLM,SLM,0.3488,1667.62,"{""rho"":0.6271,""(Intercept)"":-0.0309,""Ethno.cultural.Composition"":-0.0966,""Economic.Dependency"":-0.0054,""CISV.Scores"":-0.0106,""total_area_km2_da"":0.0268}"
5915004,,canopy_proportion_road,665,SAC,SAC (all significant),0.5706,1486.19,"{""rho"":0.8759,""lambda"":-0.4129,""(Intercept)"":0.0025,""Ethno.cultural.Composition"":-0.0171,""Economic.Dependency"":0.0574,""CISV.Scores"":-0.0172,""total_area_km2_road"":0.0118}"
5915007,,canopy_proportion_da,35,SEM,SEM,0.8037,60.52,"{""lambda"":0.7193,""(Intercept)"":-0.0197,""Ethno.cultural.Composition"":-0.0187,""Economic.Dependency"":0.0145,""CISV.Scores"":0.2994,""total_area_km2_da"":0.8832}"
5915007,,canopy_proportion_road,35,SAC,SAC,0.5653,96.68,"{""rho"":-0.545,""lambda"":0.8802,""(Intercept)"":-0.0263,""Ethno.cultural.Composition"":-0.2459,""Economic.Dependency"":-0.0846,""CISV.Scores"":0.3435,""total_area_km2_road"":0.2439}"
5915011,,canopy_proportion_da,169,SLM,SLM,0.3536,428.39,"{""rho"":0.5253,""(Intercept)"":-0.0188,""Ethno.cultural.Composition"":-0.249,""Economic.Dependency"":-0.0618,""CISV.Scores"":0.0505,""total_area_km2_da"":-0.1411}"
5915011,,canopy_proportion_road,169,SLM,SLM,0.5456,373.57,"{""rho"":0.6244,""(Intercept)"":0.0138,""Ethno.cultural.Composition"":-0.2208,""Economic.Dependency"":0.0051,""CISV.Scores"":-0.0297,""total_area_km2_road"":-0.1619}"
5915022,,canopy_proportion_da,1015,SLM,SLM,0.5462,2181.57,"{""rho"":0.6594,""(Intercept)"":0.0041,""Ethno.cultural.Composition"":-0.1444,""Economic.Dependency"":0.162,""CISV.Scores"":-0.1679,""total_area_km2_da"":0.1163}"
5915022,,canopy_proportion_road,1015,SLM,SLM,0.4838,2313.53,"{""rho"":0.6628,""(Intercept)"":0.0167,""Ethno.cultural.Composition"":-0.0713,""Economic.Dependency"":0.1709,""CISV.Scores"":-0.2247,""total_area_km2_road"":-0.0999}"
5915025,,canopy_proportion_da,322,SAC,SAC (all significant),0.4531,801.65,"{""rho"":0.7488,""lambda"":-0.7082,""(Intercept)"":-0.0304,""Ethno.cultural.Composition"":-0.1205,""Economic.Dependency"":0.0442,""CISV.Scores"":0.0659,""total_area_km2_da"":0.2564}"
5915025,,canopy_proportion_road,322,SLM,SLM,0.4186,775.54,"{""rho"":0.5896,""(Intercept)"":0.0042,""Ethno.cultural.Composition"":-0.1938,""Economic.Dependency"":0.1487,""CISV.Scores"":-0.012,""total_area_km2_road"":0.0007}"
5915029,,canopy_proportion_da,91,SAC,SAC,0.1849,256.7,"{""rho"":0.3274,""lambda"":0.0781,""(Intercept)"":0.0064,""Ethno.cultural.Composition"":-0.2444,""Economic.Dependency"":-0.1936,""CISV.Scores"":0.1298,""total_area_km2_da"":0.0113}"
5915029,,canopy_proportion_road,91,SLM,SLM,0.2464,247.19,"{""rho"":0.3048,""(Intercept)"":0.0097,""Ethno.cultural.Composition"":-0.2608,""Economic.Dependency"":-0.0905,""CISV.Scores"":-0.1492,""total_area_km2_road"":-0.1153}"
5915034,,canopy_proportion_da,192,SAC,SAC (all significant),0.3817,494,"{""rho"":0.6027,""lambda"":-0.609,""(Intercept)"":-0.0573,""Ethno.cultural.Composition"":-0.061,""Economic.Dependency"":0.0489,""CISV.Scores"":-0.0417,""total_area_km2_da"":0.322}"
5915034,,canopy_proportion_road,192,SAC,SAC,0.1622,526.97,"{""rho"":0.1709,""lambda"":0.0454,""(Intercept)"":-0.0209,""Ethno.cultural.Composition"":-0.1822,""Economic.Dependency"":-0.0809,""CISV.Scores"":0.089,""total_area_km2_road"":0.2964}"
5915039,,canopy_proportion_da,85,SAC,SAC,0.1469,245.29,"{""rho"":-0.0277,""lambda"":0.3914,""(Intercept)"":-0.0495,""Ethno.cultural.Composition"":-0.271,""Economic.Dependency"":-0.0769,""CISV.Scores"":0.0961,""total_area_km2_da"":0.0392}"
5915039,,canopy_proportion_road,85,OLS,OLS,0.1245,240.91,"{""(Intercept)"":-9.6558e-17,""Ethno.cultural.Composition"":-0.4146,""Economic.Dependency"":0.0174,""CISV.Scores"":0.1769,""total_area_km2_road"":-0.0324}"
5915043,,canopy_proportion_da,40,OLS,OLS,0.2955,110.49,"{""(Intercept)"":-2.122e-17,""Ethno.cultural.Composition"":0.0625,""Economic.Dependency"":0.0683,""CISV.Scores"":-0.1916,""total_area_km2_da"":0.4918}"
5915043,,canopy_proportion_road,40,OLS,OLS,0.0668,121.74,"{""(Intercept)"":-1.8905e-16,""Ethno.cultural.Composition"":-0.0318,""Economic.Dependency"":0.0432,""CISV.Scores"":0.0369,""total_area_km2_road"":0.2573}"
5915046,,canopy_proportion_da,133,SLM,SLM,0.4612,313.54,"{""rho"":0.4331,""(Intercept)"":-0.0704,""Ethno.cultural.Composition"":0.0479,""Economic.Dependency"":0.1646,""CISV.Scores"":-0.0806,""total_area_km2_da"":0.5047}"
5915046,,canopy_proportion_road,133,SLM,SLM,0.4438,321.43,"{""rho"":0.5443,""(Intercept)"":-0.0407,""Ethno.cultural.Composition"":0.0813,""Economic.Dependency"":0.0469,""CISV.Scores"":-0.0574,""total_area_km2_road"":0.4486}"
5915051,,canopy_proportion_da,79,SLM,SLM,0.2931,212.99,"{""rho"":0.448,""(Intercept)"":-0.0141,""Ethno.cultural.Composition"":0.032,""Economic.Dependency"":0.1237,""CISV.Scores"":-0.2658,""total_area_km2_da"":0.0653}"
5915051,,canopy_proportion_road,79,OLS,OLS,0.0486,231.25,"{""(Intercept)"":-6.2027e-17,""Ethno.cultural.Composition"":0.0182,""Economic.Dependency"":-0.0351,""CISV.Scores"":-0.2433,""total_area_km2_road"":-0.1235}"
5915055,,canopy_proportion_da,79,SLM,SLM,0.7088,145.59,"{""rho"":0.5836,""(Intercept)"":-0.0382,""Ethno.cultural.Composition"":-0.0826,""Economic.Dependency"":-0.1189,""CISV.Scores"":-0.0804,""total_area_km2_da"":0.5143}"
5915055,,canopy_proportion_road,79,SLM,SLM,0.6172,172.43,"{""rho"":0.7515,""(Intercept)"":0.0278,""Ethno.cultural.Composition"":-0.0922,""Economic.Dependency"":-0.1662,""CISV.Scores"":-0.1417,""total_area_km2_road"":-0.0976}"
5917021,,canopy_proportion_da,190,SLM,SLM,0.5792,398.94,"{""rho"":0.5268,""(Intercept)"":-0.0045,""Ethno.cultural.Composition"":-0.1959,""Economic.Dependency"":0.1415,""CISV.Scores"":-0.1219,""total_area_km2_da"":0.2106}"
5917021,,canopy_proportion_road,190,SLM,SLM,0.6362,373.59,"{""rho"":0.5714,""(Intercept)"":-0.0134,""Ethno.cultural.Composition"":-0.1945,""Economic.Dependency"":0.0907,""CISV.Scores"":-0.1105,""total_area_km2_road"":0.2077}"
5917030,,canopy_proportion_da,35,SAC,SAC,0.4047,98.82,"{""rho"":0.4649,""lambda"":0.3265,""(Intercept)"":-0.0048,""Ethno.cultural.Composition"":0.1349,""Economic.Dependency"":0.2243,""CISV.Scores"":-0.3049,""total_area_km2_da"":0.0452}"
5917030,,canopy_proportion_road,35,SLM,SLM,0.3008,101.72,"{""rho"":0.477,""(Intercept)"":-0.0179,""Ethno.cultural.Composition"":0.069,""Economic.Dependency"":0.2399,""CISV.Scores"":-0.0913,""total_area_km2_road"":0.1642}"
5917034,,canopy_proportion_da,142,SLM,SLM,0.5216,328.68,"{""rho"":0.7003,""(Intercept)"":-0.0117,""Ethno.cultural.Composition"":-0.0718,""Economic.Dependency"":0.0962,""CISV.Scores"":-0.1054,""total_area_km2_da"":0.0341}"
5917034,,canopy_proportion_road,142,SLM,SLM,0.4527,343.59,"{""rho"":0.6275,""(Intercept)"":0.0035,""Ethno.cultural.Composition"":-0.0606,""Economic.Dependency"":0.0878,""CISV.Scores"":-0.1775,""total_area_km2_road"":-0.0601}"
5921007,,canopy_proportion_da,150,SLM,SLM,0.3609,378.1,"{""rho"":0.458,""(Intercept)"":-0.0318,""Ethno.cultural.Composition"":0.023,""Economic.Dependency"":0.0996,""CISV.Scores"":-0.1572,""total_area_km2_da"":0.3375}"
5921007,,canopy_proportion_road,150,SAC,SAC,0.2119,413.21,"{""rho"":-0.0025,""lambda"":0.5064,""(Intercept)"":0.041,""Ethno.cultural.Composition"":0.0059,""Economic.Dependency"":0.194,""CISV.Scores"":-0.0636,""total_area_km2_road"":0.1282}"
5923008,,canopy_proportion_da,35,OLS,OLS,0.389,93.07,"{""(Intercept)"":-1.5243e-16,""Ethno.cultural.Composition"":0.0903,""Economic.Dependency"":0.1591,""CISV.Scores"":-0.473,""total_area_km2_da"":0.3713}"
5923008,,canopy_proportion_road,35,SLM,SLM,0.4332,93.9,"{""rho"":0.4295,""(Intercept)"":-0.0303,""Ethno.cultural.Composition"":-0.1326,""Economic.Dependency"":-0.048,""CISV.Scores"":-0.1438,""total_area_km2_road"":0.3294}"
5926010,,canopy_proportion_da,44,OLS,OLS,0.3431,117.36,"{""(Intercept)"":-3.0362e-17,""Ethno.cultural.Composition"":-0.0656,""Economic.Dependency"":-0.2654,""CISV.Scores"":-0.2206,""total_area_km2_da"":0.5152}"
5926010,,canopy_proportion_road,44,OLS,OLS,0.0747,132.44,"{""(Intercept)"":8.4234e-17,""Ethno.cultural.Composition"":-0.2105,""Economic.Dependency"":-0.1875,""CISV.Scores"":-0.0456,""total_area_km2_road"":0.0932}"
5935010,,canopy_proportion_da,167,SAC,SAC,0.2917,453.07,"{""rho"":-0.349,""lambda"":0.7045,""(Intercept)"":-0.0278,""Ethno.cultural.Composition"":-0.1179,""Economic.Dependency"":0.1135,""CISV.Scores"":-0.067,""total_area_km2_da"":-0.1433}"
5935010,,canopy_proportion_road,167,SLM,SLM,0.2098,451.99,"{""rho"":0.3766,""(Intercept)"":0.0168,""Ethno.cultural.Composition"":-0.1367,""Economic.Dependency"":-0.0166,""CISV.Scores"":0.0531,""total_area_km2_road"":-0.2274}"
5955034,,canopy_proportion_da,33,OLS,OLS,0.3679,89.5,"{""(Intercept)"":6.8138e-17,""Ethno.cultural.Composition"":-0.2629,""Economic.Dependency"":0.0605,""CISV.Scores"":-0.2808,""total_area_km2_da"":0.3223}"
5955034,,canopy_proportion_road,33,OLS,OLS,0.3436,90.74,"{""(Intercept)"":1.0377e-16,""Ethno.cultural.Composition"":-0.2086,""Economic.Dependency"":0.3171,""CISV.Scores"":-0.3219,""total_area_km2_road"":-0.339}"
